epoch,train_loss,train_acc,val_loss,val_acc
1,1.585606608287015,44.458226632522404,1.2642668275833129,60.6
